,race,lgbt,female,nazism,religion,all
all,0.18015255170244554,0.20075489502241095,0.029723991507430998,0.03397027600849257,0.23708421797593773,0.48462687740819377
bait,0.3680555555555556,0.3402777777777778,0.06944444444444445,0.06944444444444445,0.4375,0.7361111111111112
